<?xml version="1.0" encoding="UTF-8"?>
<project-private xmlns="http://www.netbeans.org/ns/project-private/1">
    <editor-bookmarks xmlns="http://www.netbeans.org/ns/editor-bookmarks/2" lastBookmarkId="0"/>
    <open-files xmlns="http://www.netbeans.org/ns/projectui-open-files/2">
        <group>
            <file>file:/D:/New%20folder/Doctor's%20Appointment%20Booking%20System/web/doctorsignUp.jsp</file>
            <file>file:/D:/New%20folder/Doctor's%20Appointment%20Booking%20System/src/java/com/gniit/Clinico/DAOimpl/PatientDAOImpl.java</file>
            <file>file:/D:/New%20folder/Doctor's%20Appointment%20Booking%20System/web/footer.jsp</file>
            <file>file:/D:/New%20folder/Doctor's%20Appointment%20Booking%20System/web/signup.jsp</file>
            <file>file:/D:/New%20folder/Doctor's%20Appointment%20Booking%20System/src/java/controllers/psignup.java</file>
            <file>file:/D:/New%20folder/Doctor's%20Appointment%20Booking%20System/src/java/controllers/psignin.java</file>
            <file>file:/D:/New%20folder/Doctor's%20Appointment%20Booking%20System/src/java/com/gniit/Clinico/DAOimpl/DoctorDAOImpl.java</file>
            <file>file:/D:/New%20folder/Doctor's%20Appointment%20Booking%20System/web/home.jsp</file>
            <file>file:/D:/New%20folder/Doctor's%20Appointment%20Booking%20System/web/faq.jsp</file>
            <file>file:/D:/New%20folder/Doctor's%20Appointment%20Booking%20System/src/java/com/gniit/Clinico/Entity/Patient.java</file>
            <file>file:/D:/New%20folder/Doctor's%20Appointment%20Booking%20System/web/patientsignUp.jsp</file>
            <file>file:/D:/New%20folder/Doctor's%20Appointment%20Booking%20System/web/WEB-INF/web.xml</file>
            <file>file:/D:/New%20folder/Doctor's%20Appointment%20Booking%20System/src/java/controllers/signin.java</file>
            <file>file:/D:/New%20folder/Doctor's%20Appointment%20Booking%20System/web/header.jsp</file>
            <file>file:/D:/New%20folder/Doctor's%20Appointment%20Booking%20System/web/patientlist.jsp</file>
            <file>file:/D:/New%20folder/Doctor's%20Appointment%20Booking%20System/src/java/controllers/patientList.java</file>
        </group>
    </open-files>
</project-private>
